reddID,stream,year,date,prs,size,clusterID,clust,doy,supbin,meddate,reldoy,dum,yearid,streamid
L-R-003,lower,2019,2019-06-13,0.1,0.7167970088288371,L-CL-004,1,164,1,177,-13,1,1,1
L-R-004,lower,2019,2019-06-13,0,0.816381963233003,NA,0,164,0,177,-13,1,1,1
L-R-005,lower,2019,2019-06-13,0.5,0.87394180747642225,L-CL-002,1,164,1,177,-13,1,1,1
L-R-007,lower,2019,2019-06-21,0,0.3984377873634713,NA,0,172,0,177,-5,1,1,1
L-R-008,lower,2019,2019-06-21,0.3,1.4562001109152765,L-CL-005,1,172,1,177,-5,1,1,1
L-R-010,lower,2019,2019-06-21,0,1.0495997971453668,NA,0,172,0,177,-5,1,1,1
L-R-011,lower,2019,2019-06-21,0.8,0.86040337258095545,L-CL-008,1,172,1,177,-5,1,1,1
L-R-012,lower,2019,2019-06-21,0.8,0.8426111076809862,L-CL-008,1,172,1,177,-5,1,1,1
L-R-014,lower,2019,2019-06-21,0.3,-Inf,L-CL-010,1,172,1,177,-5,1,1,1
L-R-015,lower,2019,2019-06-21,0.3,1.8758816884569471,L-CL-010,1,172,1,177,-5,1,1,1
L-R-016,lower,2019,2019-06-21,0,0.8050268090634014,NA,0,172,0,177,-5,1,1,1
L-R-017,lower,2019,2019-06-21,0,1.3305716057496106,NA,0,172,0,177,-5,1,1,1
L-R-018,lower,2019,2019-06-21,0,1.8842494908170964,NA,0,172,0,177,-5,1,1,1
L-R-019,lower,2019,2019-06-24,0.8,1.6032773667919031,L-CL-002,1,175,1,177,-2,1,1,1
L-R-020,lower,2019,2019-06-24,0.5,1.7561936952792983,L-CL-002,1,175,1,177,-2,1,1,1
L-R-021,lower,2019,2019-06-24,0,1.0418345749664848,NA,0,175,0,177,-2,1,1,1
L-R-022,lower,2019,2019-06-26,0.3,1.0500957019616293,L-CL-008,1,177,1,177,0,1,1,1
L-R-023,lower,2019,2019-06-24,0.1,1.4977036409944993,L-CL-010,1,175,1,177,-2,1,1,1
L-R-024,lower,2019,2019-06-26,0,1.3357672196241017,L-CL-001,1,177,0,177,0,1,1,1
L-R-025,lower,2019,2019-06-26,0.3,0.7088602607378043,L-CL-002,1,177,1,177,0,1,1,1
L-R-026,lower,2019,2019-06-26,0.1,1.1610143619108544,L-CL-003,1,177,1,177,0,1,1,1
L-R-027,lower,2019,2019-06-26,0,1.456794616320245,L-CL-004,1,177,0,177,0,1,1,1
L-R-028,lower,2019,2019-06-26,0.1,2.0902030948947274,L-CL-007,1,177,1,177,0,1,1,1
L-R-029,lower,2019,2019-06-26,0,1.0111399530571157,L-CL-008,1,177,0,177,0,1,1,1
L-R-030,lower,2019,2019-06-26,0.7,1.3659011492542514,L-CL-009,1,177,1,177,0,1,1,1
L-R-031,lower,2019,2019-06-26,0.4,1.3406898682091932,L-CL-009,1,177,1,177,0,1,1,1
L-R-032,lower,2019,2019-06-29,0,0.6514416619954169,NA,0,180,0,177,3,1,1,1
L-R-033,lower,2019,2019-06-29,0,0.8747441122026944,NA,0,180,0,177,3,1,1,1
L-R-034,lower,2019,2019-07-06,0,1.5246234311527538,NA,0,187,0,177,10,1,1,1
L-R-036,lower,2019,2019-06-29,0,0.6601571213257251,NA,0,180,0,177,3,1,1,1
L-R-037,lower,2019,2019-06-29,0,0.6609298395669665,NA,0,180,0,177,3,1,1,1
L-R-038,lower,2019,2019-07-02,0.4,1.67220504512708,L-CL-011,1,183,1,177,6,1,1,1
L-R-039,lower,2019,2019-07-02,0.4,1.423042556066521,L-CL-006,1,183,1,177,6,1,1,1
L-R-040,lower,2019,2019-07-02,0.4,1.1003224507265095,L-CL-006,1,183,1,177,6,1,1,1
L-R-041,lower,2019,2019-07-02,0.4,1.6406320389585027,L-CL-011,1,183,1,177,6,1,1,1
L-R-042,lower,2019,2019-07-06,0.1,0.9269181437392819,L-CL-002,1,187,1,177,10,1,1,1
L-R-043,lower,2019,2019-07-06,0,0.7930887569797602,L-CL-002,1,187,0,177,10,1,1,1
L-R-047,lower,2019,2019-07-09,0.3,1.4225766162404285,L-CL-005,1,190,1,177,13,1,1,1
L-R-050,lower,2019,2019-07-09,0,0.949652424070621,NA,0,190,0,177,13,1,1,1
L-R-052,lower,2019,2019-07-13,0,0.8269285042573493,NA,0,194,0,177,17,1,1,1
L-R-053,lower,2019,2019-07-13,0,0.6201380884016081,NA,0,194,0,177,17,1,1,1
L-R-054,lower,2019,2019-07-13,0,0.7889557331987844,L-CL-005,1,194,0,177,17,1,1,1
L-R-056,lower,2019,2019-07-13,0,1.1387689209665164,L-CL-010,1,194,0,177,17,1,1,1
L-R-059,lower,2019,2019-07-23,0,0.8227894874783398,L-CL-007,1,204,0,177,27,1,1,1
L-R-060,lower,2019,2019-07-20,0,1.5048701311276944,NA,0,201,0,177,24,1,1,1
L-R-061,lower,2019,2019-07-20,0,0.740768559375334,NA,0,201,0,177,24,1,1,1
L-R-065,lower,2019,2019-07-27,0,0.9101081627591731,L-CL-009,1,208,0,177,31,1,1,1
LR001,lower,2021,2021-05-25,0.8,1.5003281956282333,LCL001,1,145,1,176,-31,2,2,1
LR002,lower,2021,2021-05-25,0.8,1.0755964763538224,LCL007,1,145,1,176,-31,2,2,1
LR003,lower,2021,2021-05-25,1,-Inf,LCL002,1,145,1,176,-31,2,2,1
LR004,lower,2021,2021-05-28,0.9,1.5081705697712788,LCL003,1,148,1,176,-28,2,2,1
LR005,lower,2021,2021-05-25,1,1.3995767514699002,LCL006,1,145,1,176,-31,2,2,1
LR006,lower,2021,2021-05-25,0.6,1.5049817901436955,LCL001,1,145,1,176,-31,2,2,1
LR007,lower,2021,2021-05-25,1,1.0396016469832223,LCL002,1,145,1,176,-31,2,2,1
LR009,lower,2021,2021-06-04,1,1.066937729710172,LCL004,1,155,1,176,-21,2,2,1
LR012,lower,2021,2021-06-04,0.8,1.0296168706693223,LCL009,1,155,1,176,-21,2,2,1
LR014,lower,2021,2021-06-08,1,1.4626393034239085,LCL008,1,159,1,176,-17,2,2,1
LR015,lower,2021,2021-06-04,1,1.662695734351937,LCL006,1,155,1,176,-21,2,2,1
LR016,lower,2021,2021-06-08,1,-Inf,LCL005,1,159,1,176,-17,2,2,1
LR017,lower,2021,2021-06-08,0.9,1.257321083306256,LCL005,1,159,1,176,-17,2,2,1
LR018,lower,2021,2021-06-08,0,-Inf,NA,0,159,0,176,-17,2,2,1
LR019,lower,2021,2021-06-08,0.4,2.3572497625198396,LCL002,1,159,1,176,-17,2,2,1
LR020,lower,2021,2021-06-08,0.4,1.3447203801816936,LCL017,1,159,1,176,-17,2,2,1
LR021,lower,2021,2021-06-08,0.2,1.0575425382344337,LCL018,1,159,1,176,-17,2,2,1
LR022,lower,2021,2021-06-08,0.5,1.2408192685934722,LCL006,1,159,1,176,-17,2,2,1
LR024,lower,2021,2021-06-18,0.2,1.3664872013777827,LCL005,1,169,1,176,-7,2,2,1
LR025,lower,2021,2021-06-11,0.2,1.2892807955584982,LCL010,1,162,1,176,-14,2,2,1
LR026,lower,2021,2021-06-11,0.3,2.479386557778353,LCL003,1,162,1,176,-14,2,2,1
LR027,lower,2021,2021-06-15,0.6,1.5031049093278401,LCL020,1,166,1,176,-10,2,2,1
LR029,lower,2021,2021-06-11,0.9,1.4770980104806317,LCL011,1,162,1,176,-14,2,2,1
LR030,lower,2021,2021-06-15,0.8,0.9278014485652972,LCL007,1,166,1,176,-10,2,2,1
LR031,lower,2021,2021-06-15,0.5,1.8311661006840931,LCL015,1,166,1,176,-10,2,2,1
LR032,lower,2021,2021-06-15,0.3,1.938090143564832,LCL010B,1,166,1,176,-10,2,2,1
LR033,lower,2021,2021-06-15,0,1.4841271663325646,NA,0,166,0,176,-10,2,2,1
LR034,lower,2021,2021-06-15,0.9,1.921138223157603,LCL004,1,166,1,176,-10,2,2,1
LR035,lower,2021,2021-06-15,0,0.9541418735241426,NA,0,166,0,176,-10,2,2,1
LR036,lower,2021,2021-06-15,0.9,1.169369862853986,LCL019,1,166,1,176,-10,2,2,1
LR037,lower,2021,2021-06-18,0.9,1.2261897295506863,LCL008,1,169,1,176,-7,2,2,1
LR038,lower,2021,2021-06-18,1,-Inf,LCL008,1,169,1,176,-7,2,2,1
LR039,lower,2021,2021-06-18,0.6,1.1899328484555278,LCL008,1,169,1,176,-7,2,2,1
LR040,lower,2021,2021-06-15,1,2.439595384947906,LCL006,1,166,1,176,-10,2,2,1
LR042,lower,2021,2021-06-22,0.9,0.8677903419576102,LCL009,1,173,1,176,-3,2,2,1
LR043,lower,2021,2021-06-22,0.2,0.9812120563909542,LCL015,1,173,1,176,-3,2,2,1
LR044,lower,2021,2021-06-18,0.6,1.9145633996408342,LCL010B,1,169,1,176,-7,2,2,1
LR045,lower,2021,2021-06-29,0.7,-Inf,LCL010,1,180,1,176,4,2,2,1
LR046,lower,2021,2021-06-18,0,1.5771183088788225,NA,0,169,0,176,-7,2,2,1
LR047,lower,2021,2021-06-22,0.9,1.4906695645757602,LCL005B,1,173,1,176,-3,2,2,1
LR048,lower,2021,2021-06-18,0.1,0.8751695519789158,LCL005B,1,169,1,176,-7,2,2,1
LR049,lower,2021,2021-06-18,0.6,1.446902826102156,LCL002,1,169,1,176,-7,2,2,1
LR050,lower,2021,2021-06-18,0.8,1.6474572436247112,LCL004,1,169,1,176,-7,2,2,1
LR051,lower,2021,2021-06-22,0.2,1.2937727052954233,LCL022,1,173,1,176,-3,2,2,1
LR052,lower,2021,2021-06-18,0,0.6605480540501085,NA,0,169,0,176,-7,2,2,1
LR053,lower,2021,2021-06-18,0,0.6051200769178421,LCL003,1,169,0,176,-7,2,2,1
LR054,lower,2021,2021-06-18,0,1.1563745197487754,LCL003,1,169,0,176,-7,2,2,1
LR055,lower,2021,2021-06-22,0.1,0.9646619822729496,LCL023,1,173,1,176,-3,2,2,1
LR056,lower,2021,2021-06-18,0,0.6431418013077159,NA,0,169,0,176,-7,2,2,1
LR057,lower,2021,2021-06-22,0.4,-Inf,LCL008,1,173,1,176,-3,2,2,1
LR058,lower,2021,2021-06-18,0.2,1.457406028288088,LCL021,1,169,1,176,-7,2,2,1
LR059,lower,2021,2021-06-18,1,1.4214735260970415,LCL006,1,169,1,176,-7,2,2,1
LR060,lower,2021,2021-06-18,0.5,0.9618430021661563,LCL011,1,169,1,176,-7,2,2,1
LR061,lower,2021,2021-06-22,0,0.9394024418226707,NA,0,173,0,176,-3,2,2,1
LR062,lower,2021,2021-06-22,0,1.2550737090435224,NA,0,173,0,176,-3,2,2,1
LR063,lower,2021,2021-06-22,0.2,1.2835051225585101,LCL026,1,173,1,176,-3,2,2,1
LR064,lower,2021,2021-06-22,0.2,1.3325255754454397,LCL014,1,173,1,176,-3,2,2,1
LR065,lower,2021,2021-06-25,0,0.43251984101420193,NA,0,176,0,176,0,2,2,1
LR066,lower,2021,2021-06-22,0.1,0.6255488824476131,LCL007,1,173,1,176,-3,2,2,1
LR067,lower,2021,2021-06-22,0.2,1.1547935037832278,LCL007,1,173,1,176,-3,2,2,1
LR068,lower,2021,2021-06-22,0,0.8157251306484814,NA,0,173,0,176,-3,2,2,1
LR069,lower,2021,2021-06-22,1,-Inf,LCL005B,1,173,1,176,-3,2,2,1
LR070,lower,2021,2021-06-22,1,1.054247398662795,LCL005B,1,173,1,176,-3,2,2,1
LR071,lower,2021,2021-06-22,0.9,0.6928043250787467,LCL005B,1,173,1,176,-3,2,2,1
LR072,lower,2021,2021-06-22,0,0.76013654116890494,LCL005B,1,173,0,176,-3,2,2,1
LR073,lower,2021,2021-06-22,0.1,1.7113326353646934,LCL013,1,173,1,176,-3,2,2,1
LR074,lower,2021,2021-06-22,0.3,-Inf,LCL013,1,173,1,176,-3,2,2,1
LR075,lower,2021,2021-06-22,0,1.0153895564208995,NA,0,173,0,176,-3,2,2,1
LR076,lower,2021,2021-06-22,0,0.9092660519091174,NA,0,173,0,176,-3,2,2,1
LR078,lower,2021,2021-06-22,0.8,1.7249221684539235,LCL004B,1,173,1,176,-3,2,2,1
LR079,lower,2021,2021-06-22,0,0.7872979437742125,NA,0,173,0,176,-3,2,2,1
LR080,lower,2021,2021-06-22,0,0.6706349636673453,NA,0,173,0,176,-3,2,2,1
LR081,lower,2021,2021-06-22,0,0.8157758503371056,NA,0,173,0,176,-3,2,2,1
LR082,lower,2021,2021-06-22,0.3,0.803224619928306,LCL023,1,173,1,176,-3,2,2,1
LR083,lower,2021,2021-06-22,0,1.1418724738536379,NA,0,173,0,176,-3,2,2,1
LR084,lower,2021,2021-06-22,0,0.8911994338675728,NA,0,173,0,176,-3,2,2,1
LR085,lower,2021,2021-06-22,0,0.8019045832560897,NA,0,173,0,176,-3,2,2,1
LR086,lower,2021,2021-06-22,0.4,1.0387412417181157,LCL024,1,173,1,176,-3,2,2,1
LR087,lower,2021,2021-06-22,0.5,1.3825346837554027,LCL006,1,173,1,176,-3,2,2,1
LR088,lower,2021,2021-06-22,0,1.211072045046987,LCL006,1,173,0,176,-3,2,2,1
LR090,lower,2021,2021-06-22,0,0.7795545487250118,NA,0,173,0,176,-3,2,2,1
LR091,lower,2021,2021-06-22,0,0.6604205609024598,NA,0,173,0,176,-3,2,2,1
LR092,lower,2021,2021-06-22,0,1.0342718530369606,NA,0,173,0,176,-3,2,2,1
LR093,lower,2021,2021-06-22,0.4,1.3298235534265932,LCL011,1,173,1,176,-3,2,2,1
LR094,lower,2021,2021-06-25,0,0.5932926114189748,NA,0,176,0,176,0,2,2,1
LR095,lower,2021,2021-06-25,0,1.0637454173679584,LCL014,1,176,0,176,0,2,2,1
LR096,lower,2021,2021-06-25,0.7,0.6622928365724576,LCL009,1,176,1,176,0,2,2,1
LR097,lower,2021,2021-06-25,0.3,0.5359120524430555,LCL027,1,176,1,176,0,2,2,1
LR098,lower,2021,2021-06-25,0.3,1.7089750530223249,LCL015,1,176,1,176,0,2,2,1
LR099,lower,2021,2021-06-25,0.2,1.2486943834310402,LCL016,1,176,1,176,0,2,2,1
LR100,lower,2021,2021-06-25,0.4,1.3136450451866937,LCL016,1,176,1,176,0,2,2,1
LR101,lower,2021,2021-06-25,0,0.9788487964715008,LCL013,1,176,0,176,0,2,2,1
LR102,lower,2021,2021-06-25,1,0.5010699604732397,LCL017,1,176,1,176,0,2,2,1
LR103,lower,2021,2021-06-25,1,0.5900319788991737,LCL017,1,176,1,176,0,2,2,1
LR104,lower,2021,2021-06-25,0,0.6890766803016258,NA,0,176,0,176,0,2,2,1
LR105,lower,2021,2021-06-29,0,-Inf,NA,0,180,0,176,4,2,2,1
LR107,lower,2021,2021-06-25,0,0.7275823235116943,NA,0,176,0,176,0,2,2,1
LR108,lower,2021,2021-06-25,0,0.7953090050408664,LCL018,1,176,0,176,0,2,2,1
LR109,lower,2021,2021-06-29,0.5,1.1214943880124912,LCL029,1,180,1,176,4,2,2,1
LR110,lower,2021,2021-06-25,0,0.6961755441833218,NA,0,176,0,176,0,2,2,1
LR111,lower,2021,2021-06-25,0.7,0.9737870472478314,LCL019,1,176,1,176,0,2,2,1
LR112,lower,2021,2021-06-25,0,0.7429507676699721,LCL019,1,176,0,176,0,2,2,1
LR113,lower,2021,2021-06-25,0,0.9383317769528571,NA,0,176,0,176,0,2,2,1
LR114,lower,2021,2021-06-29,0.7,-Inf,LCL020,1,180,1,176,4,2,2,1
LR115,lower,2021,2021-06-29,0,-Inf,NA,0,180,0,176,4,2,2,1
LR116,lower,2021,2021-06-25,0,0.7123184729401564,LCL021,1,176,0,176,0,2,2,1
LR117,lower,2021,2021-06-25,0.6,0.5918426213157064,LCL006,1,176,1,176,0,2,2,1
LR118,lower,2021,2021-06-25,0.1,0.8377543189900781,LCL025,1,176,1,176,0,2,2,1
LR119,lower,2021,2021-06-25,0,1.3229972763291573,NA,0,176,0,176,0,2,2,1
LR120,lower,2021,2021-06-25,0,0.7879093557420557,NA,0,176,0,176,0,2,2,1
LR121,lower,2021,2021-06-29,0,0.49895184571546997,LCL026,1,180,0,176,4,2,2,1
LR122,lower,2021,2021-06-29,0,1.1785984489843808,LCL009,1,180,0,176,4,2,2,1
LR123,lower,2021,2021-06-29,0,0.5053068839148672,LCL007,1,180,0,176,4,2,2,1
LR124,lower,2021,2021-06-29,0.1,1.1695523023309777,LCL005,1,180,1,176,4,2,2,1
LR125,lower,2021,2021-06-29,0.7,0.9462449315568932,LCL005,1,180,1,176,4,2,2,1
LR126,lower,2021,2021-06-29,0.2,-Inf,LCL005,1,180,1,176,4,2,2,1
LR127,lower,2021,2021-06-29,0.1,1.1620952464194205,LCL005,1,180,1,176,4,2,2,1
LR128,lower,2021,2021-06-29,0,1.0106687141590773,LCL015,1,180,0,176,4,2,2,1
LR129,lower,2021,2021-06-29,0,1.3298277800673117,LCL010,1,180,0,176,4,2,2,1
LR130,lower,2021,2021-06-29,0.4,1.3645212456858855,LCL002,1,180,1,176,4,2,2,1
LR131,lower,2021,2021-06-29,0.3,1.1150590436394388,LCL022,1,180,1,176,4,2,2,1
LR132,lower,2021,2021-06-29,0,1.1147677839349885,LCL004,1,180,0,176,4,2,2,1
LR133,lower,2021,2021-06-29,0.2,0.6837789331237982,LCL004,1,180,1,176,4,2,2,1
LR134,lower,2021,2021-06-29,0.8,1.1953302686532887,LCL004B,1,180,1,176,4,2,2,1
LR135,lower,2021,2021-06-29,0.4,0.8762050158708037,LCL017,1,180,1,176,4,2,2,1
LR136,lower,2021,2021-06-29,0,0.8164647296900615,NA,0,180,0,176,4,2,2,1
LR137,lower,2021,2021-06-29,0,1.1122605028101507,LCL023,1,180,0,176,4,2,2,1
LR138,lower,2021,2021-06-29,0,0.8316940732097617,NA,0,180,0,176,4,2,2,1
LR139,lower,2021,2021-06-29,0,0.4108791251135852,LCL024,1,180,0,176,4,2,2,1
LR140,lower,2021,2021-06-29,0.2,0.7945574200032185,LCL020,1,180,1,176,4,2,2,1
LR141,lower,2021,2021-06-29,0,1.067238515127287,LCL008,1,180,0,176,4,2,2,1
LR142,lower,2021,2021-06-29,0,1.3457611431455274,LCL008,1,180,0,176,4,2,2,1
LR143,lower,2021,2021-06-29,0,0.7049466437690612,NA,0,180,0,176,4,2,2,1
LR144,lower,2021,2021-06-29,0.4,-Inf,LCL006,1,180,1,176,4,2,2,1
LR145,lower,2021,2021-06-29,0.2,-Inf,LCL006,1,180,1,176,4,2,2,1
LR146,lower,2021,2021-06-29,0,-Inf,LCL006,1,180,0,176,4,2,2,1
LR147,lower,2021,2021-06-29,0,-Inf,LCL006,1,180,0,176,4,2,2,1
LR148,lower,2021,2021-06-29,0,0.5552751136698196,NA,0,180,0,176,4,2,2,1
LR149,lower,2021,2021-06-29,0,0.937567511993053,NA,0,180,0,176,4,2,2,1
LR150,lower,2021,2021-06-29,0,0.6214739592054719,NA,0,180,0,176,4,2,2,1
LR151,lower,2021,2021-06-29,0,0.4673214329341462,LCL025,1,180,0,176,4,2,2,1
LR152,lower,2021,2021-07-01,0.2,0.4654871970306166,LCL027,1,182,1,176,6,2,2,1
LR153,lower,2021,2021-07-01,0,0.7323799392325407,NA,0,182,0,176,6,2,2,1
LR154,lower,2021,2021-07-01,0,0.6629017882568974,LCL001,1,182,0,176,6,2,2,1
LR155,lower,2021,2021-07-01,0,1.1150565833560357,NA,0,182,0,176,6,2,2,1
LR156,lower,2021,2021-07-01,0,0.7420748436941671,LCL022,1,182,0,176,6,2,2,1
LR157,lower,2021,2021-07-01,0,-Inf,NA,0,182,0,176,6,2,2,1
LR158,lower,2021,2021-07-01,0.2,1.2173848168391974,LCL028,1,182,1,176,6,2,2,1
LR159,lower,2021,2021-07-01,0,1.4728420986978652,LCL019,1,182,0,176,6,2,2,1
LR160,lower,2021,2021-07-01,0,0.6775633740681177,LCL020,1,182,0,176,6,2,2,1
LR161,lower,2021,2021-07-01,0,0.8243560571644161,LCL011,1,182,0,176,6,2,2,1
LR162,lower,2021,2021-07-05,0,1.0491127241156808,LCL005,1,186,0,176,10,2,2,1
LR163,lower,2021,2021-07-05,0,0.9934195410493641,LCL010,1,186,0,176,10,2,2,1
LR164,lower,2021,2021-07-05,0,0.7974869866947859,LCL016,1,186,0,176,10,2,2,1
LR165,lower,2021,2021-07-05,0,1.1098197755055845,LCL002,1,186,0,176,10,2,2,1
LR166,lower,2021,2021-07-05,0,0.6045322584369957,LCL004,1,186,0,176,10,2,2,1
LR167,lower,2021,2021-07-05,0,1.3711876043620994,LCL004,1,186,0,176,10,2,2,1
LR168,lower,2021,2021-07-05,0,1.151892451145464,NA,0,186,0,176,10,2,2,1
LR169,lower,2021,2021-07-05,0,0.6820165501124862,LCL028,1,186,0,176,10,2,2,1
LR170,lower,2021,2021-07-05,0,0.794937439162761,LCL029,1,186,0,176,10,2,2,1
LR171,lower,2021,2021-07-05,0,1.2718829960975429,NA,0,186,0,176,10,2,2,1
LR172,lower,2021,2021-07-05,0,0.6464042001848324,LCL006,1,186,0,176,10,2,2,1
LR173,lower,2021,2021-07-14,0,-Inf,LCL017,1,195,0,176,19,2,2,1
LR175,lower,2021,2021-07-14,0,0.7523628657085855,NA,0,195,0,176,19,2,2,1
LR176,lower,2021,2021-07-14,0,0.8245892163300318,LCL009,1,195,0,176,19,2,2,1
LR177,lower,2021,2021-07-14,0,0.3487752635924405,LCL027,1,195,0,176,19,2,2,1
LR178,lower,2021,2021-07-14,0,0.6632818074164402,NA,0,195,0,176,19,2,2,1
LR179,lower,2021,2021-07-14,0,1.0571854186357996,LCL006,1,195,0,176,19,2,2,1
U-R-001,upper,2019,2019-06-19,0.7,0.9457972861458515,U-CL-005,1,170,1,188,-18,3,1,2
U-R-002,upper,2019,2019-06-19,0.5,0.964035430099547,U-CL-005,1,170,1,188,-18,3,1,2
U-R-003,upper,2019,2019-06-19,0,0.8028452946948514,NA,0,170,0,188,-18,3,1,2
U-R-004,upper,2019,2019-06-23,0,0.5293847944054193,NA,0,174,0,188,-14,3,1,2
U-R-006,upper,2019,2019-06-27,0.1,0.9845899624196515,U-CL-017,1,178,1,188,-10,3,1,2
U-R-007,upper,2019,2019-06-27,0.1,1.2157252610573104,U-CL-010,1,178,1,188,-10,3,1,2
U-R-009,upper,2019,2019-06-27,0,0.5834370946100386,NA,0,178,0,188,-10,3,1,2
U-R-010,upper,2019,2019-06-27,0.4,1.5369168364777135,U-CL-003,1,178,1,188,-10,3,1,2
U-R-011,upper,2019,2019-06-27,0.3,1.0880564870241263,U-CL-002,1,178,1,188,-10,3,1,2
U-R-012,upper,2019,2019-06-27,0,1.7040784582076334,U-CL-002,1,178,0,188,-10,3,1,2
U-R-015,upper,2019,2019-06-27,0.5,1.0871580419925513,U-CL-011,1,178,1,188,-10,3,1,2
U-R-016,upper,2019,2019-06-30,0,0.7696592257922923,NA,0,181,0,188,-7,3,1,2
U-R-019,upper,2019,2019-06-30,0,0.7073662378700338,NA,0,181,0,188,-7,3,1,2
U-R-021,upper,2019,2019-06-30,0.1,1.3968060307683277,U-CL-018,1,181,1,188,-7,3,1,2
U-R-024,upper,2019,2019-06-30,0.5,0.9162222824376052,U-CL-009,1,181,1,188,-7,3,1,2
U-R-025,upper,2019,2019-06-30,0.1,0.7801913205371671,U-CL-009,1,181,1,188,-7,3,1,2
U-R-026,upper,2019,2019-06-30,0,0.9935385809155756,U-CL-011,1,181,0,188,-7,3,1,2
U-R-027,upper,2019,2019-06-30,0,0.7530570441334871,NA,0,181,0,188,-7,3,1,2
U-R-028,upper,2019,2019-06-30,0.3,1.6567865752062663,U-CL-013,1,181,1,188,-7,3,1,2
U-R-029,upper,2019,2019-06-30,0.3,1.565130609537784,U-CL-013,1,181,1,188,-7,3,1,2
U-R-031,upper,2019,2019-07-03,0.3,1.0703970143437516,U-CL-019,1,184,1,188,-4,3,1,2
U-R-032,upper,2019,2019-07-03,0,1.0623116399014765,U-CL-019,1,184,0,188,-4,3,1,2
U-R-034,upper,2019,2019-07-03,0,0.9225054677447848,U-CL-015,1,184,0,188,-4,3,1,2
U-R-037,upper,2019,2019-07-07,0,1.1405827175925407,NA,0,188,0,188,0,3,1,2
U-R-038,upper,2019,2019-07-07,0,0.9051076682838297,U-CL-004,1,188,0,188,0,3,1,2
U-R-039,upper,2019,2019-07-07,0.2,0.8251541352499694,U-CL-004,1,188,1,188,0,3,1,2
U-R-040,upper,2019,2019-07-07,0.5,0.6828364553277213,U-CL-006,1,188,1,188,0,3,1,2
U-R-042,upper,2019,2019-07-07,0,0.4746509956980546,NA,0,188,0,188,0,3,1,2
U-R-043,upper,2019,2019-07-07,0.4,1.3407937678698454,U-CL-012,1,188,1,188,0,3,1,2
U-R-044,upper,2019,2019-07-07,0.7,1.3324685473378324,U-CL-012,1,188,1,188,0,3,1,2
U-R-046,upper,2019,2019-07-07,0,0.7009640126966429,NA,0,188,0,188,0,3,1,2
U-R-047,upper,2019,2019-07-07,0,0.6281473833109468,NA,0,188,0,188,0,3,1,2
U-R-048,upper,2019,2019-07-07,0,0.9889121126017408,NA,0,188,0,188,0,3,1,2
U-R-049,upper,2019,2019-07-07,0.3,0.6730334245647245,U-CL-014,1,188,1,188,0,3,1,2
U-R-050,upper,2019,2019-07-07,0.3,0.6399597086042546,U-CL-014,1,188,1,188,0,3,1,2
U-R-051,upper,2019,2019-07-07,0.3,0.6671496252633659,U-CL-014,1,188,1,188,0,3,1,2
U-R-052,upper,2019,2019-07-07,0,1.0101745757001301,NA,0,188,0,188,0,3,1,2
U-R-058,upper,2019,2019-07-07,0,0.3594464589758931,NA,0,188,0,188,0,3,1,2
U-R-059,upper,2019,2019-07-07,0,0.43470204930883993,NA,0,188,0,188,0,3,1,2
U-R-061,upper,2019,2019-07-10,0,0.6949291267606386,NA,0,191,0,188,3,3,1,2
U-R-064,upper,2019,2019-07-10,0.1,1.2484485443432682,U-CL-003,1,191,1,188,3,3,1,2
U-R-070,upper,2019,2019-07-10,0.1,0.6237153404701716,U-CL-006,1,191,1,188,3,3,1,2
U-R-073,upper,2019,2019-07-10,0.4,0.7018135043969087,U-CL-009,1,191,1,188,3,3,1,2
U-R-076,upper,2019,2019-07-10,0,1.0302275887110772,NA,0,191,0,188,3,3,1,2
U-R-077,upper,2019,2019-07-13,0,0.5170540432400794,NA,0,194,0,188,6,3,1,2
U-R-079,upper,2019,2019-07-13,0.4,0.8657701338624583,U-CL-007,1,194,1,188,6,3,1,2
U-R-080,upper,2019,2019-07-13,0.5,0.45932727823036695,U-CL-009,1,194,1,188,6,3,1,2
U-R-087,upper,2019,2019-07-18,0,0.8167376949794608,U-CL-007,1,199,0,188,11,3,1,2
U-R-088,upper,2019,2019-07-18,0,1.1888875434300261,U-CL-012,1,199,0,188,11,3,1,2
U-R-098,upper,2019,2019-07-23,0,0.8927339567852148,U-CL-006,1,204,0,188,16,3,1,2
U-R-099,upper,2019,2019-07-21,0,0.9725902770825452,U-CL-005,1,202,0,188,14,3,1,2
U-R-100,upper,2019,2019-07-21,0,0.9372195396019446,U-CL-009,1,202,0,188,14,3,1,2
U-R-101,upper,2019,2019-07-21,0,1.4830987678699374,NA,0,202,0,188,14,3,1,2
U-R-102,upper,2019,2019-07-21,0,0.5365572775366483,NA,0,202,0,188,14,3,1,2
U-R-104,upper,2019,2019-07-21,0,0.8288564201827782,U-CL-012,1,202,0,188,14,3,1,2
U-R-105,upper,2019,2019-07-23,0,0.896039315995606,U-CL-003,1,204,0,188,16,3,1,2
U-R-110,upper,2019,2019-07-28,0,1.0852984462447097,NA,0,209,0,188,21,3,1,2
U-R-111,upper,2019,2019-07-28,0,0.405559550806076,NA,0,209,0,188,21,3,1,2
U-R-112,upper,2019,2019-08-03,0,1.2153223423368589,NA,0,215,0,188,27,3,1,2
UR001,upper,2021,2021-06-09,1,1.4765788906825117,UCL001,1,160,1,177,-17,4,2,2
UR004,upper,2021,2021-06-05,0.5,2.080220400359092,UCL006,1,156,1,177,-21,4,2,2
UR005,upper,2021,2021-06-05,1,1.7804487461748961,UCL019,1,156,1,177,-21,4,2,2
UR006,upper,2021,2021-06-16,0.8,-Inf,UCL004,1,167,1,177,-10,4,2,2
UR007,upper,2021,2021-06-12,0.2,-Inf,UCL002,1,163,1,177,-14,4,2,2
UR008,upper,2021,2021-06-12,0.1,-Inf,UCL003,1,163,1,177,-14,4,2,2
UR009,upper,2021,2021-06-19,0.1,1.0281704132806841,UCL009,1,170,1,177,-7,4,2,2
UR010,upper,2021,2021-06-12,0.7,1.9891325709042287,UCL023,1,163,1,177,-14,4,2,2
UR011,upper,2021,2021-06-12,0.9,1.3764744379750864,UCL001,1,163,1,177,-14,4,2,2
UR014,upper,2021,2021-06-16,0,-Inf,UCL002,1,167,0,177,-10,4,2,2
UR015,upper,2021,2021-06-19,0,-Inf,UCL003,1,170,0,177,-7,4,2,2
UR017,upper,2021,2021-06-16,0.2,0.9445321958029782,UCL011,1,167,1,177,-10,4,2,2
UR018,upper,2021,2021-06-23,0.4,0.9086909133504271,UCL004,1,174,1,177,-3,4,2,2
UR019,upper,2021,2021-06-19,0.9,0.9077822486800997,UCL013,1,170,1,177,-7,4,2,2
UR020,upper,2021,2021-06-16,0.5,0.93777777159776,UCL014,1,167,1,177,-10,4,2,2
UR021,upper,2021,2021-06-16,0,1.0386785360334234,NA,0,167,0,177,-10,4,2,2
UR022,upper,2021,2021-06-16,0,1.4907033777015095,NA,0,167,0,177,-10,4,2,2
UR023,upper,2021,2021-06-16,0.1,1.5540226823081305,UCL007,1,167,1,177,-10,4,2,2
UR024,upper,2021,2021-06-16,0.2,1.111792418121604,UCL026,1,167,1,177,-10,4,2,2
UR025,upper,2021,2021-06-16,0.4,0.897122660787576,UCL021,1,167,1,177,-10,4,2,2
UR026,upper,2021,2021-06-16,0.9,1.1977935170136242,UCL016,1,167,1,177,-10,4,2,2
UR027,upper,2021,2021-06-16,0.2,1.2885179184508706,UCL028,1,167,1,177,-10,4,2,2
UR028,upper,2021,2021-06-16,0.7,1.2800088705896897,UCL008,1,167,1,177,-10,4,2,2
UR029,upper,2021,2021-06-19,0,0.7887377142387281,UCL001,1,170,0,177,-7,4,2,2
UR030,upper,2021,2021-06-19,0.6,1.3330352326150854,UCL005,1,170,1,177,-7,4,2,2
UR031,upper,2021,2021-06-23,1,0.7723838319510983,UCL004,1,174,1,177,-3,4,2,2
UR032,upper,2021,2021-06-23,0.3,0.8870857769328752,UCL004,1,174,1,177,-3,4,2,2
UR034,upper,2021,2021-06-19,0.8,0.7777379133104452,UCL012,1,170,1,177,-7,4,2,2
UR035,upper,2021,2021-06-23,0,0.7801913205371671,NA,0,174,0,177,-3,4,2,2
UR036,upper,2021,2021-06-23,0,0.7163046367272052,NA,0,174,0,177,-3,4,2,2
UR037,upper,2021,2021-06-19,0.8,0.996209628597215,UCL006B,1,170,1,177,-7,4,2,2
UR038,upper,2021,2021-06-19,1,1.0943752518143706,UCL006,1,170,1,177,-7,4,2,2
UR039,upper,2021,2021-06-19,0.2,1.1180206570994407,UCL006,1,170,1,177,-7,4,2,2
UR040,upper,2021,2021-06-19,0,-Inf,NA,0,170,0,177,-7,4,2,2
UR041,upper,2021,2021-06-19,0,1.0161594358735984,NA,0,170,0,177,-7,4,2,2
UR042,upper,2021,2021-06-23,0,0.7367908488697226,NA,0,174,0,177,-3,4,2,2
UR043,upper,2021,2021-06-19,0.8,1.196145253301717,UCL024,1,170,1,177,-7,4,2,2
UR044,upper,2021,2021-06-19,0.4,-Inf,UCL019,1,170,1,177,-7,4,2,2
UR045,upper,2021,2021-06-19,0.1,2.103656303049733,UCL019,1,170,1,177,-7,4,2,2
UR046,upper,2021,2021-06-19,0,1.2692464554677412,NA,0,170,0,177,-7,4,2,2
UR047,upper,2021,2021-06-19,0.4,1.2080833053853584,UCL007,1,170,1,177,-7,4,2,2
UR048,upper,2021,2021-06-19,1,1.2683874380548108,UCL015,1,170,1,177,-7,4,2,2
UR049,upper,2021,2021-06-19,0.5,-Inf,UCL017,1,170,1,177,-7,4,2,2
UR050,upper,2021,2021-06-19,0.7,0.8632628527376205,UCL008,1,170,1,177,-7,4,2,2
UR051,upper,2021,2021-06-19,0,0.6518639475621464,NA,0,170,0,177,-7,4,2,2
UR052,upper,2021,2021-06-23,0,-Inf,NA,0,174,0,177,-3,4,2,2
UR053,upper,2021,2021-06-26,0,0.5090472086141442,UCL009,1,177,0,177,0,4,2,2
UR054,upper,2021,2021-06-23,0,0.6676208641614043,NA,0,174,0,177,-3,4,2,2
UR055,upper,2021,2021-06-23,0.3,0.8632815256578105,UCL001,1,174,1,177,-3,4,2,2
UR056,upper,2021,2021-06-23,0,0.77573391785208,UCL005,1,174,0,177,-3,4,2,2
UR057,upper,2021,2021-06-23,0.4,0.6264001405051942,UCL018,1,174,1,177,-3,4,2,2
UR058,upper,2021,2021-06-26,1,-Inf,UCL004,1,177,1,177,0,4,2,2
UR059,upper,2021,2021-06-23,0.7,0.6852898625544435,UCL004,1,174,1,177,-3,4,2,2
UR060,upper,2021,2021-06-23,0.3,1.6033407664026833,UCL004,1,174,1,177,-3,4,2,2
UR061,upper,2021,2021-06-23,0.2,-Inf,UCL010,1,174,1,177,-3,4,2,2
UR062,upper,2021,2021-06-23,0.2,-Inf,UCL010,1,174,1,177,-3,4,2,2
UR063,upper,2021,2021-06-23,0.5,0.9615682705194417,UCL029,1,174,1,177,-3,4,2,2
UR064,upper,2021,2021-06-23,0,-Inf,UCL011,1,174,0,177,-3,4,2,2
UR065,upper,2021,2021-06-23,0.2,0.5148211152568171,UCL012,1,174,1,177,-3,4,2,2
UR066,upper,2021,2021-07-02,0,0.8118023664722128,NA,0,183,0,177,6,4,2,2
UR067,upper,2021,2021-06-23,0,1.0773007588263,NA,0,174,0,177,-3,4,2,2
UR068,upper,2021,2021-06-23,1,0.5634855209763399,UCL013,1,174,1,177,-3,4,2,2
UR069,upper,2021,2021-06-23,0,0.7874507967661732,UCL014,1,174,0,177,-3,4,2,2
UR070,upper,2021,2021-06-23,0,0.7924266253232928,NA,0,174,0,177,-3,4,2,2
UR071,upper,2021,2021-06-23,0,0.6377183273395549,NA,0,174,0,177,-3,4,2,2
UR072,upper,2021,2021-06-23,0.3,0.7470179315567641,UCL007,1,174,1,177,-3,4,2,2
UR073,upper,2021,2021-06-23,0.1,1.204569074422436,UCL007,1,174,1,177,-3,4,2,2
UR074,upper,2021,2021-06-23,0.7,1.0396203199034122,UCL015,1,174,1,177,-3,4,2,2
UR075,upper,2021,2021-06-23,0.2,1.0214269026403071,UCL027,1,174,1,177,-3,4,2,2
UR077,upper,2021,2021-06-23,0,0.5949310339972688,NA,0,174,0,177,-3,4,2,2
UR078,upper,2021,2021-06-26,0.5,-Inf,UCL016,1,177,1,177,0,4,2,2
UR079,upper,2021,2021-06-23,0,1.0797379534162355,NA,0,174,0,177,-3,4,2,2
UR080,upper,2021,2021-06-23,0.2,1.8866581713532278,UCL017,1,174,1,177,-3,4,2,2
UR081,upper,2021,2021-06-23,0,0.591759854858648,NA,0,174,0,177,-3,4,2,2
UR084,upper,2021,2021-07-02,0,0.8680900549434978,NA,0,183,0,177,6,4,2,2
UR086,upper,2021,2021-06-26,0.8,0.8239228580328457,UCL031,1,177,1,177,0,4,2,2
UR087,upper,2021,2021-06-26,0.3,0.8000171673805324,UCL001,1,177,1,177,0,4,2,2
UR088,upper,2021,2021-06-26,0,1.5260836408947747,UCL001,1,177,0,177,0,4,2,2
UR089,upper,2021,2021-06-26,0,0.9004121858663198,NA,0,177,0,177,0,4,2,2
UR090,upper,2021,2021-06-26,0.1,0.811989032589923,UCL018,1,177,1,177,0,4,2,2
UR091,upper,2021,2021-06-26,0,0.8665488451017336,UCL018,1,177,0,177,0,4,2,2
UR093,upper,2021,2021-06-26,0.4,0.5974400814794218,UCL004,1,177,1,177,0,4,2,2
UR094,upper,2021,2021-06-26,0.3,0.8625366275442845,UCL004,1,177,1,177,0,4,2,2
UR095,upper,2021,2021-06-26,1,0.44444098653496833,UCL004,1,177,1,177,0,4,2,2
UR096,upper,2021,2021-06-26,0.4,1.0876461874534646,UCL006B,1,177,1,177,0,4,2,2
UR097,upper,2021,2021-06-26,0.3,0.9432332923343554,UCL006B,1,177,1,177,0,4,2,2
UR098,upper,2021,2021-06-26,0.1,0.8103844231373787,UCL006,1,177,1,177,0,4,2,2
UR099,upper,2021,2021-06-29,0.9,-Inf,UCL013,1,180,1,177,3,4,2,2
UR100,upper,2021,2021-06-26,0,1.0342095258574073,NA,0,177,0,177,0,4,2,2
UR101,upper,2021,2021-06-26,0,0.7684955748266673,NA,0,177,0,177,0,4,2,2
UR102,upper,2021,2021-06-26,0,0.9364003283127976,NA,0,177,0,177,0,4,2,2
UR103,upper,2021,2021-06-26,0.6,1.01778379067756,UCL019,1,177,1,177,0,4,2,2
UR104,upper,2021,2021-06-26,0,0.738068619134752,UCL019,1,177,0,177,0,4,2,2
UR105,upper,2021,2021-06-29,0,-Inf,UCL007,1,180,0,177,3,4,2,2
UR106,upper,2021,2021-06-26,0,1.085799965553867,NA,0,177,0,177,0,4,2,2
UR107,upper,2021,2021-06-26,0,0.8267629713432325,NA,0,177,0,177,0,4,2,2
UR108,upper,2021,2021-06-26,0,0.9978353712533528,NA,0,177,0,177,0,4,2,2
UR109,upper,2021,2021-06-26,0,0.9618599087290309,NA,0,177,0,177,0,4,2,2
UR110,upper,2021,2021-06-26,1,0.805332515047323,UCL015,1,177,1,177,0,4,2,2
UR111,upper,2021,2021-06-26,0,0.8075485364677106,NA,0,177,0,177,0,4,2,2
UR112,upper,2021,2021-06-26,0,0.6624668227680118,NA,0,177,0,177,0,4,2,2
UR113,upper,2021,2021-06-26,0.2,-Inf,UCL020,1,177,1,177,0,4,2,2
UR114,upper,2021,2021-06-26,0,0.9974571184511254,UCL020,1,177,0,177,0,4,2,2
UR115,upper,2021,2021-06-26,0,0.6758354981086433,UCL021,1,177,0,177,0,4,2,2
UR117,upper,2021,2021-06-26,0,0.5451223441583991,NA,0,177,0,177,0,4,2,2
UR118,upper,2021,2021-06-26,0,0.8274638366922562,NA,0,177,0,177,0,4,2,2
UR119,upper,2021,2021-06-26,0,0.9982727970256418,UCL016,1,177,0,177,0,4,2,2
UR120,upper,2021,2021-06-26,0,1.0511142592906424,UCL017,1,177,0,177,0,4,2,2
UR121,upper,2021,2021-06-29,0.3,-Inf,UCL008,1,180,1,177,3,4,2,2
UR122,upper,2021,2021-06-26,0,0.5709619437341752,NA,0,177,0,177,0,4,2,2
UR123,upper,2021,2021-06-26,0.2,1.2528122670064563,UCL032,1,177,1,177,0,4,2,2
UR124,upper,2021,2021-07-02,0,0.46684174075467044,UCL022,1,183,0,177,6,4,2,2
UR125,upper,2021,2021-06-29,0,0.5893631603185843,UCL023,1,180,0,177,3,4,2,2
UR126,upper,2021,2021-06-29,0,0.2750330629735422,UCL006,1,180,0,177,3,4,2,2
UR127,upper,2021,2021-06-29,0.1,0.7260816137198017,UCL013,1,180,1,177,3,4,2,2
UR128,upper,2021,2021-06-29,0,0.7205355671707987,NA,0,180,0,177,3,4,2,2
UR129,upper,2021,2021-06-29,0,0.5898537660629007,NA,0,180,0,177,3,4,2,2
UR131,upper,2021,2021-06-29,0.2,1.029221017378132,UCL024,1,180,1,177,3,4,2,2
UR132,upper,2021,2021-06-29,0,0.6375165210162851,UCL024,1,180,0,177,3,4,2,2
UR133,upper,2021,2021-07-02,0,0.6853219093228776,NA,0,183,0,177,6,4,2,2
UR134,upper,2021,2021-06-29,0.5,0.8857608196938521,UCL030,1,180,1,177,3,4,2,2
UR135,upper,2021,2021-06-29,0.4,1.009145104806276,UCL015,1,180,1,177,3,4,2,2
UR137,upper,2021,2021-06-29,0,0.8022930556970698,NA,0,180,0,177,3,4,2,2
UR138,upper,2021,2021-06-29,0.2,-Inf,UCL025,1,180,1,177,3,4,2,2
UR139,upper,2021,2021-06-29,0,0.34987059438047824,UCL025,1,180,0,177,3,4,2,2
UR141,upper,2021,2021-06-29,0,0.7968882546490987,UCL026,1,180,0,177,3,4,2,2
UR142,upper,2021,2021-06-29,0,0.9022161413587304,UCL027,1,180,0,177,3,4,2,2
UR144,upper,2021,2021-06-29,0,0.5598388762989621,NA,0,180,0,177,3,4,2,2
UR145,upper,2021,2021-06-29,0,0.7262260134303251,UCL028,1,180,0,177,3,4,2,2
UR146,upper,2021,2021-06-29,0,0.8243983235716028,NA,0,180,0,177,3,4,2,2
UR147,upper,2021,2021-06-29,0,0.7343663342019431,UCL008,1,180,0,177,3,4,2,2
UR148,upper,2021,2021-06-29,0,0.7043472177972859,UCL008,1,180,0,177,3,4,2,2
UR149,upper,2021,2021-07-02,0,0.3928850538903463,NA,0,183,0,177,6,4,2,2
UR150,upper,2021,2021-07-02,0,1.5477733101267004,NA,0,183,0,177,6,4,2,2
UR151,upper,2021,2021-07-02,0,0.5089771220792418,NA,0,183,0,177,6,4,2,2
UR152,upper,2021,2021-07-02,0,1.373453651545023,UCL023,1,183,0,177,6,4,2,2
UR153,upper,2021,2021-07-02,0,0.6087075486251582,UCL029,1,183,0,177,6,4,2,2
UR154,upper,2021,2021-07-02,0,1.385820676119516,UCL004,1,183,0,177,6,4,2,2
UR155,upper,2021,2021-07-02,0,0.8796329476620368,NA,0,183,0,177,6,4,2,2
UR157,upper,2021,2021-07-06,0,0.7239483587564726,NA,0,187,0,177,10,4,2,2
UR159,upper,2021,2021-07-02,0,1.199010726456416,UCL019,1,183,0,177,6,4,2,2
UR160,upper,2021,2021-07-02,0,0.8573596865899835,UCL030,1,183,0,177,6,4,2,2
UR161,upper,2021,2021-07-02,0,1.2472426269704566,UCL015,1,183,0,177,6,4,2,2
UR162,upper,2021,2021-07-02,0,0.6284210425264342,UCL015,1,183,0,177,6,4,2,2
UR163,upper,2021,2021-07-02,0,0.6262793342816676,NA,0,183,0,177,6,4,2,2
UR164,upper,2021,2021-07-06,0,0.5467885868644085,NA,0,187,0,177,10,4,2,2
UR165,upper,2021,2021-07-06,0,0.8227303145082782,UCL031,1,187,0,177,10,4,2,2
UR166,upper,2021,2021-07-06,0,0.5720252277537787,UCL005,1,187,0,177,10,4,2,2
UR167,upper,2021,2021-07-06,0,0.7098027385338812,UCL018,1,187,0,177,10,4,2,2
UR168,upper,2021,2021-07-06,0,1.1167819990321066,UCL004,1,187,0,177,10,4,2,2
UR169,upper,2021,2021-07-06,0,0.7890469529372802,UCL004,1,187,0,177,10,4,2,2
UR170,upper,2021,2021-07-06,0,0.9671160834257599,UCL012,1,187,0,177,10,4,2,2
UR171,upper,2021,2021-07-06,0,0.900012799860499,UCL006B,1,187,0,177,10,4,2,2
UR172,upper,2021,2021-07-06,0,0.5304100386585547,UCL006B,1,187,0,177,10,4,2,2
UR173,upper,2021,2021-07-06,0,0.7546296068175973,UCL013,1,187,0,177,10,4,2,2
UR174,upper,2021,2021-07-06,0,0.8635625657235081,NA,0,187,0,177,10,4,2,2
UR175,upper,2021,2021-07-06,0,0.7260840740032052,NA,0,187,0,177,10,4,2,2
UR177,upper,2021,2021-07-14,0,0.532056914518286,UCL007,1,195,0,177,18,4,2,2
UR178,upper,2021,2021-07-14,0,0.654807960533185,UCL007,1,195,0,177,18,4,2,2
UR179,upper,2021,2021-07-14,0,0.41509668170893455,NA,0,195,0,177,18,4,2,2
UR180,upper,2021,2021-07-14,0,0.4962089451416128,UCL032,1,195,0,177,18,4,2,2
UR181,upper,2021,2021-07-14,0,0.6633881673604953,NA,0,195,0,177,18,4,2,2
